Designator,Val,Package,Mid X,Mid Y,Rotation,Layer
C1,330u,CP_Radial_D10.0mm_P5.00mm,73.233523,-55.2196,0.0,top
C10,10u,C_0603_1608Metric_Pad1.08x0.95mm_HandSolder,87.4,-66.8,180.0,bottom
C11,10u,C_0603_1608Metric_Pad1.08x0.95mm_HandSolder,90.8,-67.6,180.0,bottom
C12,0.1u,C_0603_1608Metric_Pad1.08x0.95mm_HandSolder,90.35,-67.6,0.0,top
C13,0.1u,C_0603_1608Metric_Pad1.08x0.95mm_HandSolder,90.35,-66.05,0.0,top
C14,0.1u,C_0603_1608Metric_Pad1.08x0.95mm_HandSolder,55.9,-68.85,180.0,top
C15,0.1u,C_0603_1608Metric_Pad1.08x0.95mm_HandSolder,54.0,-53.0,180.0,top
C16,0.1u,C_0603_1608Metric_Pad1.08x0.95mm_HandSolder,94.0551,-70.2818,0.0,bottom
C17,0.1u,C_0603_1608Metric_Pad1.08x0.95mm_HandSolder,89.6609,-70.3072,0.0,bottom
C18,0.1u,C_0603_1608Metric_Pad1.08x0.95mm_HandSolder,97.7,-52.8,180.0,bottom
C19,0.1u,C_0603_1608Metric_Pad1.08x0.95mm_HandSolder,80.5,-57.1,180.0,top
C2,0.47u,C_0603_1608Metric_Pad1.08x0.95mm_HandSolder,75.0,-67.6,180.0,top
C3,0.47u,C_0603_1608Metric_Pad1.08x0.95mm_HandSolder,75.0,-64.5,0.0,top
C4,0.47u,C_0603_1608Metric_Pad1.08x0.95mm_HandSolder,75.0,-61.4,0.0,top
C5,22u,C_0805_2012Metric_Pad1.18x1.45mm_HandSolder,88.2,-70.8,-90.0,top
C6,0.01u,C_0603_1608Metric_Pad1.08x0.95mm_HandSolder,73.15,-70.5,180.0,bottom
C7,0.01u,C_0603_1608Metric_Pad1.08x0.95mm_HandSolder,61.3,-51.1,180.0,bottom
C8,4.7u,C_0603_1608Metric_Pad1.08x0.95mm_HandSolder,84.3,-57.1,0.0,top
C9,10u,C_0603_1608Metric_Pad1.08x0.95mm_HandSolder,80.3,-56.9,0.0,bottom
D1,1N5819WS,D_SOD-323_HandSoldering,91.5,-59.2,90.0,top
D2,1N5819WS,D_SOD-323_HandSoldering,70.85,-67.95,0.0,bottom
D3,1N5819WS,D_SOD-323_HandSoldering,70.85,-64.85,0.0,bottom
D4,1N5819WS,D_SOD-323_HandSoldering,70.85,-61.75,0.0,bottom
D5,1N4148WS,D_SOD-323_HandSoldering,81.5,-70.0,180.0,top
D6,Yellow,LED_0603_1608Metric_Pad1.05x0.95mm_HandSolder,88.95,-51.65,-90.0,top
D7,Green,LED_0603_1608Metric_Pad1.05x0.95mm_HandSolder,90.5,-51.65,-90.0,top
D8,Red,LED_0603_1608Metric_Pad1.05x0.95mm_HandSolder,92.05,-51.65,-90.0,top
J1,MR30PW-F,AMASS_MR30PW-FB_1x03_P3.50mm_Horizontal,54.4,-62.7,90.0,top
J2,control,PinHeader_2x04_P2.54mm_Horizontal,94.29,-73.67,-90.0,top
J3,GND,PinHeader_2x07_P2.54mm_Horizontal,77.72,-73.67,-90.0,top
J4,12V,PinHeader_2x07_P2.54mm_Horizontal,59.94,-73.67,-90.0,top
J5,STLink-V3,CONN_3220-14-0300-00_CNC,96.5,-57.8,90.0,top
J6,GH4,JST_GH_SM04B-GHS-TB_1x04-1MP_P1.25mm_Horizontal,83.5,-52.9,180.0,top
L1,2.2u,L_0603_1608Metric_Pad1.05x0.95mm_HandSolder,85.3,-69.7,0.0,top
Q1,RH6G040CH,HSMT8,64.61,-69.25,180.0,top
Q2,RH6G040CH,HSMT8,60.49,-59.85,0.0,top
Q3,RH6G040CH,HSMT8,64.7854,-52.6526,0.0,top
Q4,RH6G040CH,HSMT8,65.95,-65.31,90.0,top
Q5,RH6G040CH,HSMT8,65.95,-61.71,90.0,top
Q6,RH6G040CH,HSMT8,65.95,-58.11,90.0,top
R1,15,R_0603_1608Metric_Pad0.98x0.95mm_HandSolder,75.0,-69.15,180.0,top
R10,33k,R_0603_1608Metric_Pad0.98x0.95mm_HandSolder,76.4,-63.1,0.0,bottom
R11,33k,R_0603_1608Metric_Pad0.98x0.95mm_HandSolder,76.4,-66.2,0.0,bottom
R12,33k,R_0603_1608Metric_Pad0.98x0.95mm_HandSolder,76.4,-69.3,0.0,bottom
R13,3.3k,R_0603_1608Metric_Pad0.98x0.95mm_HandSolder,69.55,-70.5,0.0,bottom
R14,3.3k,R_0603_1608Metric_Pad0.98x0.95mm_HandSolder,57.7,-51.1,0.0,bottom
R15,3.3k,R_0603_1608Metric_Pad0.98x0.95mm_HandSolder,88.95,-55.15,90.0,top
R16,1k,R_0603_1608Metric_Pad0.98x0.95mm_HandSolder,90.5,-55.15,90.0,top
R17,1k,R_0603_1608Metric_Pad0.98x0.95mm_HandSolder,92.05,-55.15,90.0,top
R18,6.8k,R_0603_1608Metric_Pad0.98x0.95mm_HandSolder,89.8,-59.1,-90.0,top
R19,22k,R_0603_1608Metric_Pad0.98x0.95mm_HandSolder,89.4,-55.2,270.0,bottom
R2,15,R_0603_1608Metric_Pad0.98x0.95mm_HandSolder,69.6,-66.4,0.0,bottom
R20,1.2k,R_0603_1608Metric_Pad0.98x0.95mm_HandSolder,82.0,-67.8,180.0,bottom
R21,10k,R_0603_1608Metric_Pad0.98x0.95mm_HandSolder,82.0,-70.1,0.0,bottom
R22,10k,R_0603_1608Metric_Pad0.98x0.95mm_HandSolder,55.9,-70.4,0.0,top
R23,10k,R_0603_1608Metric_Pad0.98x0.95mm_HandSolder,54.0,-51.3,180.0,top
R24,10k,R_0603_1608Metric_Pad0.98x0.95mm_HandSolder,85.7,-69.9,180.0,bottom
R3,15,R_0603_1608Metric_Pad0.98x0.95mm_HandSolder,75.0,-66.05,180.0,top
R4,15,R_0603_1608Metric_Pad0.98x0.95mm_HandSolder,69.6,-63.3,0.0,bottom
R5,15,R_0603_1608Metric_Pad0.98x0.95mm_HandSolder,75.0,-62.95,180.0,top
R6,15,R_0603_1608Metric_Pad0.98x0.95mm_HandSolder,69.6,-60.2,0.0,bottom
R7,33k,R_0603_1608Metric_Pad0.98x0.95mm_HandSolder,75.4,-67.75,0.0,bottom
R8,33k,R_0603_1608Metric_Pad0.98x0.95mm_HandSolder,75.4,-64.65,0.0,bottom
R9,33k,R_0603_1608Metric_Pad0.98x0.95mm_HandSolder,75.4,-61.55,0.0,bottom
SW1,reset,RESET,97.8,-56.9,90.0,bottom
SW2,SW_DIP_x02,SW_DIP_SPSTx02_Slide_Copal_CHS-02B_W7.62mm_P1.27mm,97.536,-65.7606,270.0,bottom
U1,STSPIN32G4,QFN_IN32G4_STM,83.4,-63.4,180.0,top
U2,ISO6520,SOIC-8_3.9x4.9mm_P1.27mm,96.2,-68.7,180.0,top
U3,TCAN3414DDFR,SOT-23-8,91.08,-63.5,0.0,top
U4,ACS711KEXLT-31AB,Allegro_QFN-12-10-1EP_3x3mm_P0.5mm,60.3,-68.7,-90.0,top
U5,ACS711KEXLT-31AB,Allegro_QFN-12-10-1EP_3x3mm_P0.5mm,58.5,-52.8,90.0,top
